"prs","beta"
"PRS_CAD",0.188446023855077
"PRS_IS",0.0959153689253272
"PRS_HF",0.0287081216679621
