"prs","PRS_CAD","PRS_IS","PRS_HF"
"PRS_CAD","1","0.256911329843134","0.0608138484421282"
"PRS_IS","0.256911329843134","1","0.0907093459068286"
"PRS_HF","0.0608138484421282","0.0907093459068286","1"
